Información relacionada a:,Apoyos económicos, monto bruto y neto, tipo de moneda y su periodicidad
ID,FECHA CREACION, FECHA MODIFICACION,"DENOMINACIÓN DE LOS APOYOS ECONÓMICOS","MONTO BRUTO DE LOS APOYOS ECONÓMICOS","MONTO NETO DE LOS APOYOS ECONÓMICOS","TIPO DE MONEDA DE LOS APOYOS ECONÓMICOS","PERIODICIDAD DE LOS APOYOS ECONÓMICOS"
51775397,"18/08/22","18/08/22","GUARDERIA","1280","1280","PESOS MEXICANOS","MENSUAL"
51768471,"18/08/22","18/08/22","GUARDERIA","640","640","PESOS MEXICANOS","MENSUAL"
51768108,"18/08/22","18/08/22","GUARDERIA","640","640","PESOS MEXICANOS","MENSUAL"
51766878,"18/08/22","18/08/22","GUARDERIA","640","640","PESOS MEXICANOS","MENSUAL"
51768224,"18/08/22","18/08/22","GUARDERIA","640","640","PESOS MEXICANOS","MENSUAL"
51767452,"18/08/22","18/08/22","GUARDERIA","640","640","PESOS MEXICANOS","MENSUAL"
51768410,"18/08/22","18/08/22","GUARDERIA","640","640","PESOS MEXICANOS","MENSUAL"
51768299,"18/08/22","18/08/22","GUARDERIA","640","640","PESOS MEXICANOS","MENSUAL"
51766994,"18/08/22","18/08/22","GUARDERIA","640","640","PESOS MEXICANOS","MENSUAL"
51766492,"18/08/22","18/08/22","GUARDERIA","640","640","PESOS MEXICANOS","MENSUAL"
51765717,"18/08/22","18/08/22","GUARDERIA","1280","1280","PESOS MEXICANOS","MENSUAL"
51766384,"18/08/22","18/08/22","GUARDERIA","640","640","PESOS MEXICANOS","MENSUAL"
51766359,"18/08/22","18/08/22","GUARDERIA","640","640","PESOS MEXICANOS","MENSUAL"
51765705,"18/08/22","18/08/22","GUARDERIA","2976.44","2976.44","PESOS MEXICANOS","MENSUAL"
51766204,"18/08/22","18/08/22","GUARDERIA","640","640","PESOS MEXICANOS","MENSUAL"
51766046,"18/08/22","18/08/22","GUARDERIA","2592.7","2592.7","PESOS MEXICANOS","MENSUAL"
51765765,"18/08/22","18/08/22","GUARDERIA","640","640","PESOS MEXICANOS","MENSUAL"
51765608,"18/08/22","18/08/22","GUARDERIA","640","640","PESOS MEXICANOS","MENSUAL"
51764351,"18/08/22","18/08/22","GUARDERIA","640","640","PESOS MEXICANOS","MENSUAL"
51764905,"18/08/22","18/08/22","GUARDERIA","640","640","PESOS MEXICANOS","MENSUAL"
51766636,"18/08/22","18/08/22","GUARDERIA","640","640","PESOS MEXICANOS","MENSUAL"
51765370,"18/08/22","18/08/22","GUARDERIA","640","640","PESOS MEXICANOS","MENSUAL"
51764231,"18/08/22","18/08/22","GUARDERIA","640","640","PESOS MEXICANOS","MENSUAL"
51765807,"18/08/22","18/08/22","GUARDERIA","1280","1280","PESOS MEXICANOS","MENSUAL"
51772369,"18/08/22","18/08/22","GUARDERIA","640","640","PESOS MEXICANOS","MENSUAL"
51771466,"18/08/22","18/08/22","GUARDERIA","1280","1280","PESOS MEXICANOS","MENSUAL"
51774296,"18/08/22","18/08/22","GUARDERIA","640","640","PESOS MEXICANOS","MENSUAL"
51772510,"18/08/22","18/08/22","GUARDERIA","640","640","PESOS MEXICANOS","MENSUAL"
51772130,"18/08/22","18/08/22","GUARDERIA","640","640","PESOS MEXICANOS","MENSUAL"
51772061,"18/08/22","18/08/22","GUARDERIA","2976.48","2976.48","PESOS MEXICANOS","MENSUAL"
51772504,"18/08/22","18/08/22","GUARDERIA","640","640","PESOS MEXICANOS","MENSUAL"
51771243,"18/08/22","18/08/22","GUARDERIA","1280","1280","PESOS MEXICANOS","MENSUAL"
51770420,"18/08/22","18/08/22","GUARDERIA","640","640","PESOS MEXICANOS","MENSUAL"
51772055,"18/08/22","18/08/22","GUARDERIA","640","640","PESOS MEXICANOS","MENSUAL"
51773331,"18/08/22","18/08/22","GUARDERIA","640","640","PESOS MEXICANOS","MENSUAL"
51772568,"18/08/22","18/08/22","GUARDERIA","640","640","PESOS MEXICANOS","MENSUAL"
51772115,"18/08/22","18/08/22","GUARDERIA","640","640","PESOS MEXICANOS","MENSUAL"
51771010,"18/08/22","18/08/22","GUARDERIA","640","640","PESOS MEXICANOS","MENSUAL"
51770922,"18/08/22","18/08/22","GUARDERIA","640","640","PESOS MEXICANOS","MENSUAL"
51774200,"18/08/22","18/08/22","GUARDERIA","640","640","PESOS MEXICANOS","MENSUAL"
51770317,"18/08/22","18/08/22","GUARDERIA","640","640","PESOS MEXICANOS","MENSUAL"
51774080,"18/08/22","18/08/22","GUARDERIA","640","640","PESOS MEXICANOS","MENSUAL"
51771430,"18/08/22","18/08/22","GUARDERIA","640","640","PESOS MEXICANOS","MENSUAL"
51770618,"18/08/22","18/08/22","GUARDERIA","640","640","PESOS MEXICANOS","MENSUAL"
51769036,"18/08/22","18/08/22","GUARDERIA","1280","1280","PESOS MEXICANOS","MENSUAL"
51773666,"18/08/22","18/08/22","GUARDERIA","640","640","PESOS MEXICANOS","MENSUAL"
51774009,"18/08/22","18/08/22","GUARDERIA","640","640","PESOS MEXICANOS","MENSUAL"
51773660,"18/08/22","18/08/22","GUARDERIA","640","640","PESOS MEXICANOS","MENSUAL"
51773301,"18/08/22","18/08/22","GUARDERIA","640","640","PESOS MEXICANOS","MENSUAL"
51772850,"18/08/22","18/08/22","GUARDERIA","640","640","PESOS MEXICANOS","MENSUAL"
51772844,"18/08/22","18/08/22","GUARDERIA","640","640","PESOS MEXICANOS","MENSUAL"
51770292,"18/08/22","18/08/22","GUARDERIA","640","640","PESOS MEXICANOS","MENSUAL"
51768803,"18/08/22","18/08/22","GUARDERIA","640","640","PESOS MEXICANOS","MENSUAL"
51772604,"18/08/22","18/08/22","GUARDERIA","1280","1280","PESOS MEXICANOS","MENSUAL"
51770593,"18/08/22","18/08/22","GUARDERIA","640","640","PESOS MEXICANOS","MENSUAL"
51769006,"18/08/22","18/08/22","GUARDERIA","640","640","PESOS MEXICANOS","MENSUAL"
51776915,"18/08/22","18/08/22","GUARDERIA","640","640","PESOS MEXICANOS","MENSUAL"
51775761,"18/08/22","18/08/22","GUARDERIA","640","640","PESOS MEXICANOS","MENSUAL"
51775089,"18/08/22","18/08/22","GUARDERIA","640","640","PESOS MEXICANOS","MENSUAL"
51774864,"18/08/22","18/08/22","GUARDERIA","640","640","PESOS MEXICANOS","MENSUAL"
51774565,"18/08/22","18/08/22","GUARDERIA","640","640","PESOS MEXICANOS","MENSUAL"
51777222,"18/08/22","18/08/22","GUARDERIA","640","640","PESOS MEXICANOS","MENSUAL"
51774559,"18/08/22","18/08/22","GUARDERIA","1280","1280","PESOS MEXICANOS","MENSUAL"
51775460,"18/08/22","18/08/22","GUARDERIA","640","640","PESOS MEXICANOS","MENSUAL"
51777507,"18/08/22","18/08/22","GUARDERIA","640","640","PESOS MEXICANOS","MENSUAL"
51776976,"18/08/22","18/08/22","GUARDERIA","1280","1280","PESOS MEXICANOS","MENSUAL"
51776204,"18/08/22","18/08/22","GUARDERIA","640","640","PESOS MEXICANOS","MENSUAL"
51775155,"18/08/22","18/08/22","GUARDERIA","640","640","PESOS MEXICANOS","MENSUAL"
51774333,"18/08/22","18/08/22","GUARDERIA","640","640","PESOS MEXICANOS","MENSUAL"
51774327,"18/08/22","18/08/22","GUARDERIA","640","640","PESOS MEXICANOS","MENSUAL"
51777203,"18/08/22","18/08/22","GUARDERIA","640","640","PESOS MEXICANOS","MENSUAL"
51776734,"18/08/22","18/08/22","GUARDERIA","1280","1280","PESOS MEXICANOS","MENSUAL"
51776431,"18/08/22","18/08/22","GUARDERIA","1280","1280","PESOS MEXICANOS","MENSUAL"
51775900,"18/08/22","18/08/22","GUARDERIA","1280","1280","PESOS MEXICANOS","MENSUAL"
51777489,"18/08/22","18/08/22","GUARDERIA","1280","1280","PESOS MEXICANOS","MENSUAL"
51774689,"18/08/22","18/08/22","GUARDERIA","640","640","PESOS MEXICANOS","MENSUAL"
51777264,"18/08/22","18/08/22","GUARDERIA","1280","1280","PESOS MEXICANOS","MENSUAL"
51774388,"18/08/22","18/08/22","GUARDERIA","1280","1280","PESOS MEXICANOS","MENSUAL"
51774901,"18/08/22","18/08/22","GUARDERIA","640","640","PESOS MEXICANOS","MENSUAL"
51774523,"18/08/22","18/08/22","GUARDERIA","640","640","PESOS MEXICANOS","MENSUAL"
51777461,"18/08/22","18/08/22","GUARDERIA","1280","1280","PESOS MEXICANOS","MENSUAL"
51777171,"18/08/22","18/08/22","GUARDERIA","640","640","PESOS MEXICANOS","MENSUAL"
51777095,"18/08/22","18/08/22","GUARDERIA","640","640","PESOS MEXICANOS","MENSUAL"
51776619,"18/08/22","18/08/22","GUARDERIA","640","640","PESOS MEXICANOS","MENSUAL"
51775869,"18/08/22","18/08/22","GUARDERIA","640","640","PESOS MEXICANOS","MENSUAL"
51774889,"18/08/22","18/08/22","GUARDERIA","640","640","PESOS MEXICANOS","MENSUAL"
51774511,"18/08/22","18/08/22","GUARDERIA","640","640","PESOS MEXICANOS","MENSUAL"
51776236,"18/08/22","18/08/22","GUARDERIA","640","640","PESOS MEXICANOS","MENSUAL"
51777535,"18/08/22","18/08/22","GUARDERIA","640","640","PESOS MEXICANOS","MENSUAL"
51777077,"18/08/22","18/08/22","GUARDERIA","640","640","PESOS MEXICANOS","MENSUAL"
51776078,"18/08/22","18/08/22","GUARDERIA","640","640","PESOS MEXICANOS","MENSUAL"
51775929,"18/08/22","18/08/22","GUARDERIA","640","640","PESOS MEXICANOS","MENSUAL"
51777150,"18/08/22","18/08/22","GUARDERIA","640","640","PESOS MEXICANOS","MENSUAL"
51775396,"18/08/22","18/08/22","GUARDERIA","1280","1280","PESOS MEXICANOS","MENSUAL"
51768470,"18/08/22","18/08/22","GUARDERIA","640","640","PESOS MEXICANOS","MENSUAL"
51766877,"18/08/22","18/08/22","GUARDERIA","640","640","PESOS MEXICANOS","MENSUAL"
51768223,"18/08/22","18/08/22","GUARDERIA","640","640","PESOS MEXICANOS","MENSUAL"
51767451,"18/08/22","18/08/22","GUARDERIA","640","640","PESOS MEXICANOS","MENSUAL"
51768409,"18/08/22","18/08/22","GUARDERIA","640","640","PESOS MEXICANOS","MENSUAL"
51768298,"18/08/22","18/08/22","GUARDERIA","640","640","PESOS MEXICANOS","MENSUAL"
51768107,"18/08/22","18/08/22","GUARDERIA","640","640","PESOS MEXICANOS","MENSUAL"
51768107,"18/08/22","18/08/22","CANASTILLA","760","760","PESOS MEXICANOS","MENSUAL"
51766993,"18/08/22","18/08/22","GUARDERIA","640","640","PESOS MEXICANOS","MENSUAL"
51764817,"18/08/22","18/08/22","GUARDERIA","1280","1280","PESOS MEXICANOS","MENSUAL"
51766491,"18/08/22","18/08/22","GUARDERIA","640","640","PESOS MEXICANOS","MENSUAL"
51765716,"18/08/22","18/08/22","GUARDERIA","1280","1280","PESOS MEXICANOS","MENSUAL"
51766383,"18/08/22","18/08/22","GUARDERIA","640","640","PESOS MEXICANOS","MENSUAL"
51766358,"18/08/22","18/08/22","GUARDERIA","640","640","PESOS MEXICANOS","MENSUAL"
51765704,"18/08/22","18/08/22","GUARDERIA","2976.44","2976.44","PESOS MEXICANOS","MENSUAL"
51766203,"18/08/22","18/08/22","GUARDERIA","640","640","PESOS MEXICANOS","MENSUAL"
51766045,"18/08/22","18/08/22","GUARDERIA","2592.7","2592.7","PESOS MEXICANOS","MENSUAL"
51765764,"18/08/22","18/08/22","GUARDERIA","640","640","PESOS MEXICANOS","MENSUAL"
51765607,"18/08/22","18/08/22","GUARDERIA","640","640","PESOS MEXICANOS","MENSUAL"
51764350,"18/08/22","18/08/22","GUARDERIA","640","640","PESOS MEXICANOS","MENSUAL"
51764690,"18/08/22","18/08/22","GUARDERIA","640","640","PESOS MEXICANOS","MENSUAL"
51766069,"18/08/22","18/08/22","GUARDERIA","1280","1280","PESOS MEXICANOS","MENSUAL"
51766635,"18/08/22","18/08/22","GUARDERIA","1280","1280","PESOS MEXICANOS","MENSUAL"
51765369,"18/08/22","18/08/22","GUARDERIA","1280","1280","PESOS MEXICANOS","MENSUAL"
51764230,"18/08/22","18/08/22","GUARDERIA","640","640","PESOS MEXICANOS","MENSUAL"
51772368,"18/08/22","18/08/22","GUARDERIA","640","640","PESOS MEXICANOS","MENSUAL"
51772135,"18/08/22","18/08/22","GUARDERIA","640","640","PESOS MEXICANOS","MENSUAL"
51771465,"18/08/22","18/08/22","GUARDERIA","1280","1280","PESOS MEXICANOS","MENSUAL"
51774295,"18/08/22","18/08/22","GUARDERIA","640","640","PESOS MEXICANOS","MENSUAL"
51772509,"18/08/22","18/08/22","GUARDERIA","640","640","PESOS MEXICANOS","MENSUAL"
51772129,"18/08/22","18/08/22","GUARDERIA","640","640","PESOS MEXICANOS","MENSUAL"
51772503,"18/08/22","18/08/22","GUARDERIA","640","640","PESOS MEXICANOS","MENSUAL"
51772060,"18/08/22","18/08/22","GUARDERIA","2976.48","2976.48","PESOS MEXICANOS","MENSUAL"
51771242,"18/08/22","18/08/22","GUARDERIA","1280","1280","PESOS MEXICANOS","MENSUAL"
51770419,"18/08/22","18/08/22","GUARDERIA","640","640","PESOS MEXICANOS","MENSUAL"
51772054,"18/08/22","18/08/22","GUARDERIA","640","640","PESOS MEXICANOS","MENSUAL"
51768839,"18/08/22","18/08/22","GUARDERIA","640","640","PESOS MEXICANOS","MENSUAL"
51773330,"18/08/22","18/08/22","GUARDERIA","640","640","PESOS MEXICANOS","MENSUAL"
51772567,"18/08/22","18/08/22","GUARDERIA","1280","1280","PESOS MEXICANOS","MENSUAL"
51772114,"18/08/22","18/08/22","GUARDERIA","640","640","PESOS MEXICANOS","MENSUAL"
51771009,"18/08/22","18/08/22","GUARDERIA","640","640","PESOS MEXICANOS","MENSUAL"
51770921,"18/08/22","18/08/22","GUARDERIA","640","640","PESOS MEXICANOS","MENSUAL"
51774199,"18/08/22","18/08/22","GUARDERIA","640","640","PESOS MEXICANOS","MENSUAL"
51770316,"18/08/22","18/08/22","GUARDERIA","640","640","PESOS MEXICANOS","MENSUAL"
51774079,"18/08/22","18/08/22","GUARDERIA","640","640","PESOS MEXICANOS","MENSUAL"
51771429,"18/08/22","18/08/22","GUARDERIA","640","640","PESOS MEXICANOS","MENSUAL"
51770617,"18/08/22","18/08/22","GUARDERIA","640","640","PESOS MEXICANOS","MENSUAL"
51769035,"18/08/22","18/08/22","GUARDERIA","1280","1280","PESOS MEXICANOS","MENSUAL"
51773665,"18/08/22","18/08/22","GUARDERIA","640","640","PESOS MEXICANOS","MENSUAL"
51774008,"18/08/22","18/08/22","GUARDERIA","640","640","PESOS MEXICANOS","MENSUAL"
51773659,"18/08/22","18/08/22","GUARDERIA","640","640","PESOS MEXICANOS","MENSUAL"
51773300,"18/08/22","18/08/22","GUARDERIA","640","640","PESOS MEXICANOS","MENSUAL"
51772849,"18/08/22","18/08/22","GUARDERIA","640","640","PESOS MEXICANOS","MENSUAL"
51772843,"18/08/22","18/08/22","GUARDERIA","640","640","PESOS MEXICANOS","MENSUAL"
51770291,"18/08/22","18/08/22","GUARDERIA","640","640","PESOS MEXICANOS","MENSUAL"
51768802,"18/08/22","18/08/22","GUARDERIA","640","640","PESOS MEXICANOS","MENSUAL"
51768802,"18/08/22","18/08/22","CANASTILLA","760","760","PESOS MEXICANOS","MENSUAL"
51772603,"18/08/22","18/08/22","GUARDERIA","1280","1280","PESOS MEXICANOS","MENSUAL"
51770592,"18/08/22","18/08/22","GUARDERIA","640","640","PESOS MEXICANOS","MENSUAL"
51769005,"18/08/22","18/08/22","GUARDERIA","640","640","PESOS MEXICANOS","MENSUAL"
51776914,"18/08/22","18/08/22","GUARDERIA","640","640","PESOS MEXICANOS","MENSUAL"
51775760,"18/08/22","18/08/22","GUARDERIA","640","640","PESOS MEXICANOS","MENSUAL"
51775088,"18/08/22","18/08/22","GUARDERIA","640","640","PESOS MEXICANOS","MENSUAL"
51774863,"18/08/22","18/08/22","GUARDERIA","640","640","PESOS MEXICANOS","MENSUAL"
51774564,"18/08/22","18/08/22","GUARDERIA","640","640","PESOS MEXICANOS","MENSUAL"
51777220,"18/08/22","18/08/22","GUARDERIA","640","640","PESOS MEXICANOS","MENSUAL"
51774558,"18/08/22","18/08/22","GUARDERIA","1280","1280","PESOS MEXICANOS","MENSUAL"
51775459,"18/08/22","18/08/22","GUARDERIA","640","640","PESOS MEXICANOS","MENSUAL"
51777506,"18/08/22","18/08/22","GUARDERIA","640","640","PESOS MEXICANOS","MENSUAL"
51776975,"18/08/22","18/08/22","GUARDERIA","1280","1280","PESOS MEXICANOS","MENSUAL"
51776203,"18/08/22","18/08/22","GUARDERIA","640","640","PESOS MEXICANOS","MENSUAL"
51775154,"18/08/22","18/08/22","GUARDERIA","640","640","PESOS MEXICANOS","MENSUAL"
51774332,"18/08/22","18/08/22","GUARDERIA","640","640","PESOS MEXICANOS","MENSUAL"
51774326,"18/08/22","18/08/22","GUARDERIA","640","640","PESOS MEXICANOS","MENSUAL"
51777202,"18/08/22","18/08/22","GUARDERIA","640","640","PESOS MEXICANOS","MENSUAL"
51776733,"18/08/22","18/08/22","GUARDERIA","1280","1280","PESOS MEXICANOS","MENSUAL"
51776430,"18/08/22","18/08/22","GUARDERIA","1280","1280","PESOS MEXICANOS","MENSUAL"
51775899,"18/08/22","18/08/22","GUARDERIA","1280","1280","PESOS MEXICANOS","MENSUAL"
51777488,"18/08/22","18/08/22","GUARDERIA","1280","1280","PESOS MEXICANOS","MENSUAL"
51774688,"18/08/22","18/08/22","GUARDERIA","640","640","PESOS MEXICANOS","MENSUAL"
51777263,"18/08/22","18/08/22","GUARDERIA","1280","1280","PESOS MEXICANOS","MENSUAL"
51774387,"18/08/22","18/08/22","GUARDERIA","1280","1280","PESOS MEXICANOS","MENSUAL"
51774900,"18/08/22","18/08/22","GUARDERIA","640","640","PESOS MEXICANOS","MENSUAL"
51774522,"18/08/22","18/08/22","GUARDERIA","640","640","PESOS MEXICANOS","MENSUAL"
51777460,"18/08/22","18/08/22","GUARDERIA","1280","1280","PESOS MEXICANOS","MENSUAL"
51777170,"18/08/22","18/08/22","GUARDERIA","640","640","PESOS MEXICANOS","MENSUAL"
51777094,"18/08/22","18/08/22","GUARDERIA","640","640","PESOS MEXICANOS","MENSUAL"
51776618,"18/08/22","18/08/22","GUARDERIA","640","640","PESOS MEXICANOS","MENSUAL"
51775868,"18/08/22","18/08/22","GUARDERIA","640","640","PESOS MEXICANOS","MENSUAL"
51774888,"18/08/22","18/08/22","GUARDERIA","640","640","PESOS MEXICANOS","MENSUAL"
51774510,"18/08/22","18/08/22","GUARDERIA","640","640","PESOS MEXICANOS","MENSUAL"
51776235,"18/08/22","18/08/22","GUARDERIA","640","640","PESOS MEXICANOS","MENSUAL"
51777534,"18/08/22","18/08/22","GUARDERIA","640","640","PESOS MEXICANOS","MENSUAL"
51777076,"18/08/22","18/08/22","GUARDERIA","640","640","PESOS MEXICANOS","MENSUAL"
51777149,"18/08/22","18/08/22","GUARDERIA","640","640","PESOS MEXICANOS","MENSUAL"
51776077,"18/08/22","18/08/22","GUARDERIA","640","640","PESOS MEXICANOS","MENSUAL"
51775928,"18/08/22","18/08/22","GUARDERIA","640","640","PESOS MEXICANOS","MENSUAL"
51775395,"18/08/22","18/08/22","GUARDERIA","1280","1280","PESOS MEXICANOS","MENSUAL"
51775927,"18/08/22","18/08/22","GUARDERIA","640","640","PESOS MEXICANOS","MENSUAL"
51776076,"18/08/22","18/08/22","GUARDERIA","640","640","PESOS MEXICANOS","MENSUAL"
51777148,"18/08/22","18/08/22","GUARDERIA","640","640","PESOS MEXICANOS","MENSUAL"
51777533,"18/08/22","18/08/22","GUARDERIA","640","640","PESOS MEXICANOS","MENSUAL"
51777075,"18/08/22","18/08/22","GUARDERIA","640","640","PESOS MEXICANOS","MENSUAL"
51776234,"18/08/22","18/08/22","GUARDERIA","640","640","PESOS MEXICANOS","MENSUAL"
51774509,"18/08/22","18/08/22","GUARDERIA","640","640","PESOS MEXICANOS","MENSUAL"
51777459,"18/08/22","18/08/22","GUARDERIA","1280","1280","PESOS MEXICANOS","MENSUAL"
51774887,"18/08/22","18/08/22","GUARDERIA","640","640","PESOS MEXICANOS","MENSUAL"
51775867,"18/08/22","18/08/22","GUARDERIA","640","640","PESOS MEXICANOS","MENSUAL"
51776617,"18/08/22","18/08/22","GUARDERIA","640","640","PESOS MEXICANOS","MENSUAL"
51777093,"18/08/22","18/08/22","GUARDERIA","640","640","PESOS MEXICANOS","MENSUAL"
51777169,"18/08/22","18/08/22","GUARDERIA","640","640","PESOS MEXICANOS","MENSUAL"
51774521,"18/08/22","18/08/22","GUARDERIA","640","640","PESOS MEXICANOS","MENSUAL"
51774899,"18/08/22","18/08/22","GUARDERIA","640","640","PESOS MEXICANOS","MENSUAL"
51774385,"18/08/22","18/08/22","GUARDERIA","1280","1280","PESOS MEXICANOS","MENSUAL"
51777262,"18/08/22","18/08/22","GUARDERIA","1280","1280","PESOS MEXICANOS","MENSUAL"
51774687,"18/08/22","18/08/22","GUARDERIA","640","640","PESOS MEXICANOS","MENSUAL"
51777487,"18/08/22","18/08/22","GUARDERIA","1280","1280","PESOS MEXICANOS","MENSUAL"
51774325,"18/08/22","18/08/22","GUARDERIA","640","640","PESOS MEXICANOS","MENSUAL"
51775898,"18/08/22","18/08/22","GUARDERIA","1280","1280","PESOS MEXICANOS","MENSUAL"
51776429,"18/08/22","18/08/22","GUARDERIA","1280","1280","PESOS MEXICANOS","MENSUAL"
51776732,"18/08/22","18/08/22","GUARDERIA","1280","1280","PESOS MEXICANOS","MENSUAL"
51777201,"18/08/22","18/08/22","GUARDERIA","640","640","PESOS MEXICANOS","MENSUAL"
51774331,"18/08/22","18/08/22","GUARDERIA","640","640","PESOS MEXICANOS","MENSUAL"
51775153,"18/08/22","18/08/22","GUARDERIA","640","640","PESOS MEXICANOS","MENSUAL"
51776202,"18/08/22","18/08/22","GUARDERIA","640","640","PESOS MEXICANOS","MENSUAL"
51776974,"18/08/22","18/08/22","GUARDERIA","640","640","PESOS MEXICANOS","MENSUAL"
51777505,"18/08/22","18/08/22","GUARDERIA","640","640","PESOS MEXICANOS","MENSUAL"
51775458,"18/08/22","18/08/22","GUARDERIA","640","640","PESOS MEXICANOS","MENSUAL"
51774557,"18/08/22","18/08/22","GUARDERIA","1280","1280","PESOS MEXICANOS","MENSUAL"
51777219,"18/08/22","18/08/22","GUARDERIA","640","640","PESOS MEXICANOS","MENSUAL"
51774563,"18/08/22","18/08/22","GUARDERIA","640","640","PESOS MEXICANOS","MENSUAL"
51774862,"18/08/22","18/08/22","GUARDERIA","640","640","PESOS MEXICANOS","MENSUAL"
51775087,"18/08/22","18/08/22","GUARDERIA","640","640","PESOS MEXICANOS","MENSUAL"
51775759,"18/08/22","18/08/22","GUARDERIA","640","640","PESOS MEXICANOS","MENSUAL"
51776913,"18/08/22","18/08/22","GUARDERIA","640","640","PESOS MEXICANOS","MENSUAL"
51769004,"18/08/22","18/08/22","GUARDERIA","640","640","PESOS MEXICANOS","MENSUAL"
51770290,"18/08/22","18/08/22","GUARDERIA","640","640","PESOS MEXICANOS","MENSUAL"
51770591,"18/08/22","18/08/22","GUARDERIA","640","640","PESOS MEXICANOS","MENSUAL"
51772602,"18/08/22","18/08/22","GUARDERIA","1280","1280","PESOS MEXICANOS","MENSUAL"
51768801,"18/08/22","18/08/22","GUARDERIA","640","640","PESOS MEXICANOS","MENSUAL"
51772842,"18/08/22","18/08/22","GUARDERIA","640","640","PESOS MEXICANOS","MENSUAL"
51773299,"18/08/22","18/08/22","GUARDERIA","640","640","PESOS MEXICANOS","MENSUAL"
51772848,"18/08/22","18/08/22","GUARDERIA","640","640","PESOS MEXICANOS","MENSUAL"
51773658,"18/08/22","18/08/22","GUARDERIA","640","640","PESOS MEXICANOS","MENSUAL"
51773664,"18/08/22","18/08/22","GUARDERIA","640","640","PESOS MEXICANOS","MENSUAL"
51769034,"18/08/22","18/08/22","GUARDERIA","1280","1280","PESOS MEXICANOS","MENSUAL"
51770616,"18/08/22","18/08/22","GUARDERIA","640","640","PESOS MEXICANOS","MENSUAL"
51771428,"18/08/22","18/08/22","GUARDERIA","640","640","PESOS MEXICANOS","MENSUAL"
51774078,"18/08/22","18/08/22","GUARDERIA","640","640","PESOS MEXICANOS","MENSUAL"
51770315,"18/08/22","18/08/22","GUARDERIA","640","640","PESOS MEXICANOS","MENSUAL"
51774198,"18/08/22","18/08/22","GUARDERIA","640","640","PESOS MEXICANOS","MENSUAL"
51770920,"18/08/22","18/08/22","GUARDERIA","640","640","PESOS MEXICANOS","MENSUAL"
51771008,"18/08/22","18/08/22","GUARDERIA","640","640","PESOS MEXICANOS","MENSUAL"
51772113,"18/08/22","18/08/22","GUARDERIA","640","640","PESOS MEXICANOS","MENSUAL"
51773329,"18/08/22","18/08/22","GUARDERIA","640","640","PESOS MEXICANOS","MENSUAL"
51774007,"18/08/22","18/08/22","GUARDERIA","640","640","PESOS MEXICANOS","MENSUAL"
51768838,"18/08/22","18/08/22","GUARDERIA","640","640","PESOS MEXICANOS","MENSUAL"
51770418,"18/08/22","18/08/22","GUARDERIA","640","640","PESOS MEXICANOS","MENSUAL"
51771241,"18/08/22","18/08/22","GUARDERIA","1280","1280","PESOS MEXICANOS","MENSUAL"
51772059,"18/08/22","18/08/22","GUARDERIA","2976.48","2976.48","PESOS MEXICANOS","MENSUAL"
51772128,"18/08/22","18/08/22","GUARDERIA","640","640","PESOS MEXICANOS","MENSUAL"
51772502,"18/08/22","18/08/22","GUARDERIA","640","640","PESOS MEXICANOS","MENSUAL"
51772508,"18/08/22","18/08/22","GUARDERIA","640","640","PESOS MEXICANOS","MENSUAL"
51774294,"18/08/22","18/08/22","GUARDERIA","640","640","PESOS MEXICANOS","MENSUAL"
51771464,"18/08/22","18/08/22","GUARDERIA","1280","1280","PESOS MEXICANOS","MENSUAL"
51772134,"18/08/22","18/08/22","GUARDERIA","640","640","PESOS MEXICANOS","MENSUAL"
51772367,"18/08/22","18/08/22","GUARDERIA","640","640","PESOS MEXICANOS","MENSUAL"
51765805,"18/08/22","18/08/22","GUARDERIA","1280","1280","PESOS MEXICANOS","MENSUAL"
51764229,"18/08/22","18/08/22","GUARDERIA","640","640","PESOS MEXICANOS","MENSUAL"
51766068,"18/08/22","18/08/22","GUARDERIA","1280","1280","PESOS MEXICANOS","MENSUAL"
51764689,"18/08/22","18/08/22","GUARDERIA","640","640","PESOS MEXICANOS","MENSUAL"
51764349,"18/08/22","18/08/22","GUARDERIA","640","640","PESOS MEXICANOS","MENSUAL"
51765606,"18/08/22","18/08/22","GUARDERIA","640","640","PESOS MEXICANOS","MENSUAL"
51765763,"18/08/22","18/08/22","GUARDERIA","640","640","PESOS MEXICANOS","MENSUAL"
51766202,"18/08/22","18/08/22","GUARDERIA","640","640","PESOS MEXICANOS","MENSUAL"
51766876,"18/08/22","18/08/22","GUARDERIA","640","640","PESOS MEXICANOS","MENSUAL"
51765703,"18/08/22","18/08/22","GUARDERIA","2976.44","2976.44","PESOS MEXICANOS","MENSUAL"
51766357,"18/08/22","18/08/22","GUARDERIA","640","640","PESOS MEXICANOS","MENSUAL"
51766382,"18/08/22","18/08/22","GUARDERIA","640","640","PESOS MEXICANOS","MENSUAL"
51765715,"18/08/22","18/08/22","GUARDERIA","1280","1280","PESOS MEXICANOS","MENSUAL"
51766490,"18/08/22","18/08/22","GUARDERIA","640","640","PESOS MEXICANOS","MENSUAL"
51766992,"18/08/22","18/08/22","GUARDERIA","640","640","PESOS MEXICANOS","MENSUAL"
51768106,"18/08/22","18/08/22","GUARDERIA","640","640","PESOS MEXICANOS","MENSUAL"
51768297,"18/08/22","18/08/22","GUARDERIA","640","640","PESOS MEXICANOS","MENSUAL"
51768408,"18/08/22","18/08/22","GUARDERIA","640","640","PESOS MEXICANOS","MENSUAL"
51767450,"18/08/22","18/08/22","GUARDERIA","640","640","PESOS MEXICANOS","MENSUAL"
51768222,"18/08/22","18/08/22","GUARDERIA","640","640","PESOS MEXICANOS","MENSUAL"
51768469,"18/08/22","18/08/22","GUARDERIA","640","640","PESOS MEXICANOS","MENSUAL"

